InventoryID,StoreID,ProductID,StockLevel,ReorderPoint,LastUpdated
1,15,115,34,15,2025-12-23
2,24,45,14,23,2025-12-13
3,2,133,114,58,2025-11-25
4,5,89,53,61,2025-12-09
5,1,65,55,42,2025-12-25
6,15,94,98,61,2025-11-23
7,6,13,132,53,2025-12-06
8,2,48,36,35,2025-11-30
9,15,126,200,69,2025-11-03
10,19,83,26,15,2025-12-28
11,20,98,24,15,2025-11-22
12,14,50,21,46,2025-11-08
13,13,28,8,10,2025-12-30
14,6,102,79,47,2025-12-09
15,2,44,106,68,2025-11-18
16,3,88,21,10,2025-11-06
17,18,130,122,68,2025-11-20
18,17,33,122,69,2025-11-16
19,12,95,36,31,2025-12-02
20,20,72,59,34,2025-11-24
21,24,113,34,13,2025-11-06
22,17,28,26,10,2025-11-17
23,19,92,31,23,2025-12-25
24,8,62,196,60,2025-11-04
25,14,77,68,38,2025-12-29
26,20,37,111,53,2025-11-25
27,18,46,49,39,2025-12-25
28,14,34,38,47,2025-12-14
29,6,38,50,30,2025-11-30
30,7,59,29,17,2025-12-13
31,14,134,39,63,2025-11-16
32,13,83,30,32,2025-11-09
33,14,117,134,59,2025-12-21
34,6,49,49,28,2025-11-16
35,23,107,42,25,2025-11-22
36,22,64,51,31,2025-11-06
37,5,35,139,62,2025-11-15
38,19,53,49,64,2025-12-09
39,23,122,115,61,2025-12-02
40,18,24,77,60,2025-11-01
41,2,69,56,69,2025-12-15
42,4,115,20,15,2025-11-15
43,1,53,111,64,2025-12-27
44,9,93,17,10,2025-11-24
45,21,60,47,22,2025-11-28
46,9,90,56,36,2025-12-06
47,6,96,108,59,2025-12-04
48,25,15,8,30,2025-11-27
49,2,61,45,56,2025-11-26
50,8,65,147,67,2025-12-06
51,22,96,44,34,2025-11-28
52,19,4,73,50,2025-11-15
53,4,130,53,38,2025-11-25
54,5,14,114,68,2025-11-30
55,11,85,84,68,2025-11-15
56,13,65,191,69,2025-12-31
57,13,128,52,33,2025-11-19
58,12,51,29,27,2025-12-26
59,13,70,106,67,2025-11-01
60,21,2,92,53,2025-11-26
61,12,93,68,30,2025-11-17
62,22,102,105,58,2025-12-10
63,17,1,1,22,2025-11-08
64,21,119,113,61,2025-11-29
65,9,72,18,10,2025-11-27
66,23,91,105,56,2025-12-15
67,22,31,19,12,2025-11-12
68,1,62,38,53,2025-11-12
69,18,29,103,70,2025-11-21
70,5,131,0,24,2025-11-23
71,15,33,125,68,2025-12-31
72,11,71,99,44,2025-12-05
73,10,72,63,32,2025-11-14
74,12,34,83,42,2025-11-21
75,2,114,112,64,2025-12-07
76,13,42,97,26,2025-11-27
77,25,12,54,26,2025-11-24
78,5,9,56,44,2025-11-24
79,9,107,18,20,2025-12-13
80,22,74,75,39,2025-12-14
81,3,52,129,57,2025-12-12
82,3,133,79,57,2025-12-12
83,12,99,46,29,2025-11-21
84,16,86,87,64,2025-11-08
85,9,110,72,26,2025-12-30
86,15,138,63,26,2025-12-10
87,22,5,146,49,2025-11-02
88,8,73,13,20,2025-11-10
89,18,77,64,44,2025-11-23
90,23,86,13,19,2025-12-01
91,9,32,95,58,2025-12-06
92,12,61,53,38,2025-12-03
93,4,137,22,18,2025-12-01
94,2,111,87,50,2025-11-06
95,20,102,20,10,2025-11-18
96,9,38,42,48,2025-12-05
97,3,85,107,62,2025-11-06
98,20,133,105,45,2025-12-01
99,10,107,25,15,2025-11-22
100,21,128,37,22,2025-11-13
101,4,105,24,19,2025-12-10
102,21,83,0,37,2025-11-25
103,11,82,46,39,2025-11-29
104,17,86,13,11,2025-12-13
105,3,45,48,32,2025-12-08
106,20,104,83,69,2025-11-15
107,19,130,41,16,2025-11-12
108,3,60,66,31,2025-12-24
109,17,31,27,10,2025-11-15
110,9,136,96,64,2025-12-10
111,14,15,32,11,2025-12-17
112,20,120,94,50,2025-11-26
113,2,18,21,17,2025-12-28
114,12,39,45,46,2025-12-21
115,17,77,73,70,2025-11-06
116,3,80,84,33,2025-12-18
117,15,72,82,31,2025-12-15
118,20,36,83,36,2025-11-28
119,18,127,162,48,2025-12-06
120,20,77,102,44,2025-12-30
121,2,21,123,61,2025-11-24
122,23,27,15,21,2025-12-12
123,10,52,30,18,2025-12-27
124,17,99,65,52,2025-11-04
125,13,15,76,25,2025-11-26
126,21,25,43,27,2025-12-03
127,20,67,32,23,2025-12-08
128,4,69,93,61,2025-11-23
129,23,29,30,20,2025-12-27
130,9,46,58,47,2025-12-01
131,1,43,142,57,2025-11-30
132,15,86,66,62,2025-11-04
133,15,89,114,58,2025-11-01
134,22,76,104,50,2025-12-28
135,1,5,177,67,2025-12-16
136,12,42,188,63,2025-11-08
137,15,120,67,41,2025-11-25
138,7,96,140,70,2025-11-13
139,4,45,50,23,2025-11-11
140,25,104,18,11,2025-12-17
141,9,78,42,16,2025-12-06
142,14,14,95,56,2025-11-17
143,22,21,20,24,2025-12-31
144,20,106,97,59,2025-12-08
145,10,135,49,65,2025-11-12
146,21,69,82,41,2025-11-04
147,22,112,84,48,2025-12-09
148,9,136,24,38,2025-11-23
149,5,44,116,50,2025-12-21
150,25,34,12,20,2025-12-13
151,17,51,70,63,2025-12-16
152,4,43,20,11,2025-11-09
153,11,78,30,14,2025-11-14
154,7,18,130,53,2025-12-26
155,16,135,61,52,2025-11-22
156,6,90,39,30,2025-11-01
157,24,73,43,59,2025-11-29
158,6,66,65,60,2025-11-26
159,25,4,31,15,2025-12-31
160,12,80,158,68,2025-11-04
161,25,4,60,29,2025-12-22
162,3,105,26,15,2025-11-03
163,23,121,41,55,2025-11-20
164,5,14,23,30,2025-11-09
165,10,104,22,18,2025-12-14
166,20,41,47,16,2025-11-24
167,3,112,143,52,2025-12-29
168,10,99,45,25,2025-12-10
169,23,80,66,41,2025-12-14
170,16,110,74,26,2025-12-10
171,23,32,45,22,2025-11-17
172,9,54,75,68,2025-11-19
173,11,70,41,26,2025-11-20
174,1,40,51,22,2025-11-07
175,14,1,76,45,2025-12-02
176,16,86,81,57,2025-12-07
177,4,64,111,37,2025-12-19
178,20,47,34,24,2025-11-30
179,1,35,103,23,2025-11-16
180,22,119,173,69,2025-11-15
181,8,137,17,13,2025-12-18
182,2,82,20,28,2025-12-12
183,23,20,42,32,2025-11-17
184,24,76,58,14,2025-11-23
185,12,42,102,52,2025-11-22
186,24,37,102,62,2025-11-10
187,22,78,18,34,2025-11-21
188,10,20,0,69,2025-11-11
189,20,28,23,10,2025-12-03
190,23,135,69,56,2025-12-21
191,12,64,134,62,2025-12-10
192,20,97,130,42,2025-11-14
193,13,113,64,36,2025-11-06
194,23,123,141,58,2025-11-07
195,9,79,27,66,2025-11-26
196,24,105,22,20,2025-11-05
197,4,120,61,49,2025-12-09
198,24,129,85,32,2025-11-20
199,16,94,23,19,2025-11-16
200,8,63,26,22,2025-12-14
201,11,57,85,65,2025-11-03
202,25,14,15,21,2025-12-15
203,9,22,71,31,2025-11-16
204,2,50,196,63,2025-12-07
205,6,102,25,22,2025-12-19
206,4,22,54,20,2025-11-16
207,3,137,52,34,2025-12-16
208,15,59,54,58,2025-11-28
209,23,34,30,24,2025-12-11
210,5,97,27,15,2025-11-23
211,19,57,62,21,2025-12-05
212,19,45,60,38,2025-11-02
213,5,122,42,25,2025-11-15
214,21,19,93,65,2025-11-29
215,16,112,45,57,2025-11-25
216,12,2,12,13,2025-12-13
217,15,114,105,38,2025-12-31
218,13,76,219,65,2025-12-06
219,4,90,93,62,2025-11-08
220,23,112,58,27,2025-11-04
221,12,10,17,16,2025-11-30
222,23,2,79,46,2025-11-27
223,14,39,128,63,2025-11-17
224,19,106,62,54,2025-12-01
225,18,139,48,59,2025-12-26
226,9,2,33,22,2025-11-29
227,20,120,144,57,2025-12-04
228,1,36,84,49,2025-11-09
229,17,118,27,21,2025-12-13
230,7,78,127,58,2025-12-20
231,23,33,44,19,2025-11-25
232,19,35,92,46,2025-12-27
233,4,127,191,57,2025-11-19
234,9,110,65,26,2025-12-21
235,20,51,24,17,2025-11-23
236,3,34,69,47,2025-12-05
237,22,73,87,55,2025-11-28
238,12,20,92,32,2025-12-04
239,25,23,79,40,2025-12-25
240,11,16,49,50,2025-12-31
241,20,95,39,16,2025-12-27
242,19,81,73,45,2025-12-15
243,5,140,36,17,2025-12-25
244,7,18,59,24,2025-11-04
245,22,66,76,36,2025-12-01
246,25,96,39,25,2025-11-21
247,11,124,38,25,2025-12-18
248,5,129,190,56,2025-12-27
249,25,28,40,26,2025-11-28
250,12,15,25,45,2025-11-10
251,19,116,58,16,2025-12-15
252,5,126,77,43,2025-12-06
253,3,27,36,16,2025-12-15
254,24,53,28,13,2025-11-28
255,21,129,101,60,2025-12-04
256,16,4,133,62,2025-11-15
257,13,2,13,16,2025-12-01
258,20,113,30,20,2025-11-25
259,18,137,90,60,2025-11-07
260,12,15,186,64,2025-11-23
261,12,49,86,68,2025-11-27
262,5,84,123,53,2025-12-13
263,15,15,51,28,2025-12-01
264,5,31,231,52,2025-12-22
265,18,42,57,35,2025-11-30
266,9,24,8,13,2025-11-20
267,19,127,36,21,2025-11-13
268,7,137,88,42,2025-12-21
269,15,71,54,27,2025-11-29
270,9,75,40,19,2025-11-21
271,6,31,137,45,2025-11-05
272,19,45,125,67,2025-12-29
273,12,125,25,19,2025-11-14
274,16,85,17,11,2025-11-20
275,4,8,176,70,2025-12-10
276,10,45,81,66,2025-12-03
277,9,98,22,10,2025-11-16
278,12,69,84,69,2025-11-08
279,21,75,29,28,2025-11-11
280,19,84,108,47,2025-11-21
281,13,118,106,69,2025-11-08
282,20,138,131,45,2025-12-18
283,15,113,83,51,2025-11-02
284,1,69,31,13,2025-12-03
285,2,108,41,15,2025-12-28
286,5,73,30,36,2025-12-09
287,22,75,107,43,2025-12-27
288,19,64,81,38,2025-12-26
289,15,135,66,54,2025-12-31
290,11,70,75,61,2025-11-10
291,7,117,128,51,2025-12-20
292,24,110,83,34,2025-12-28
293,9,20,33,10,2025-12-28
294,25,23,20,16,2025-11-24
295,14,90,44,35,2025-12-11
296,21,15,140,64,2025-11-05
297,21,84,95,27,2025-12-18
298,1,32,32,20,2025-12-15
299,11,28,69,70,2025-11-10
300,7,35,152,47,2025-11-03
301,14,98,37,13,2025-11-10
302,25,21,99,54,2025-12-19
303,1,33,113,65,2025-11-23
304,12,80,79,24,2025-11-23
305,2,77,75,30,2025-12-08
306,6,89,33,43,2025-12-01
307,6,115,40,23,2025-12-06
308,25,98,59,63,2025-12-11
309,3,4,150,58,2025-12-23
310,4,84,151,43,2025-12-31
311,4,60,92,53,2025-11-28
312,14,22,93,29,2025-12-01
313,9,121,51,47,2025-11-13
314,7,114,34,14,2025-12-24
315,7,38,35,18,2025-11-24
316,15,42,244,65,2025-12-18
317,3,122,21,27,2025-12-12
318,4,135,33,38,2025-12-13
319,6,119,42,31,2025-12-15
320,1,124,39,26,2025-11-29
321,22,34,8,36,2025-12-15
322,18,81,52,22,2025-12-29
323,11,105,122,57,2025-11-27
324,10,5,27,13,2025-12-27
325,2,60,38,17,2025-11-26
326,13,131,35,52,2025-11-26
327,22,137,114,66,2025-12-13
328,23,15,38,27,2025-12-24
329,7,21,102,48,2025-11-23
330,1,17,72,68,2025-11-18
331,18,61,144,70,2025-11-02
332,13,118,103,45,2025-11-17
333,15,66,50,31,2025-11-28
334,20,79,90,41,2025-11-19
335,12,65,27,12,2025-11-22
336,6,32,52,65,2025-11-02
337,22,39,163,67,2025-11-29
338,23,113,14,30,2025-11-23
339,13,26,132,43,2025-12-03
340,23,88,73,47,2025-12-21
341,18,126,52,20,2025-12-07
342,19,22,83,69,2025-12-24
343,2,70,54,49,2025-11-20
344,14,68,53,37,2025-11-04
345,19,112,61,28,2025-11-18
346,4,63,21,15,2025-11-29
347,6,10,33,19,2025-12-31
348,25,2,12,11,2025-12-04
349,23,96,58,38,2025-11-01
350,16,113,90,46,2025-12-12
351,18,37,137,35,2025-12-21
352,12,137,69,27,2025-11-26
353,13,44,117,66,2025-11-06
354,12,12,51,51,2025-11-26
355,7,27,57,24,2025-11-18
356,9,75,203,66,2025-11-07
357,15,74,16,12,2025-12-28
358,21,136,51,59,2025-11-15
359,9,116,116,57,2025-11-16
360,4,119,42,47,2025-12-12
361,4,91,39,43,2025-11-09
362,2,132,79,62,2025-11-07
363,18,130,24,14,2025-11-14
364,6,93,95,42,2025-12-03
365,7,80,18,14,2025-12-30
366,16,30,83,57,2025-11-02
367,3,23,86,55,2025-11-23
368,15,79,28,16,2025-11-11
369,21,140,29,34,2025-12-03
370,18,67,98,62,2025-11-27
371,9,96,88,63,2025-11-20
372,16,33,44,57,2025-11-03
373,6,74,44,38,2025-11-08
374,9,102,134,64,2025-11-26
375,22,53,61,44,2025-12-04
376,1,111,84,29,2025-11-28
377,21,2,96,65,2025-12-30
378,11,53,96,44,2025-11-06
379,14,62,8,26,2025-12-25
380,24,90,59,48,2025-12-12
381,6,76,78,35,2025-12-13
382,25,84,45,19,2025-11-14
383,3,103,53,22,2025-12-10
384,18,90,141,53,2025-12-05
385,23,138,44,40,2025-12-15
386,9,53,177,70,2025-11-30
387,11,75,46,40,2025-11-07
388,2,70,64,52,2025-12-03
389,3,49,141,48,2025-12-13
390,16,55,45,23,2025-11-05
391,9,6,49,56,2025-12-27
392,25,76,16,12,2025-11-23
393,4,26,30,23,2025-12-14
394,1,4,127,50,2025-12-08
395,19,17,89,46,2025-11-09
396,9,98,85,41,2025-12-18
397,11,63,124,62,2025-11-18
398,8,57,154,56,2025-11-26
399,19,1,25,14,2025-11-13
400,10,116,16,13,2025-12-06
401,4,4,172,67,2025-11-09
402,10,84,72,58,2025-12-03
403,14,100,123,54,2025-12-13
404,6,21,139,54,2025-12-18
405,7,13,112,59,2025-11-29
406,6,78,65,36,2025-11-01
407,16,120,49,34,2025-11-19
408,2,87,116,54,2025-12-07
409,13,115,161,57,2025-11-02
410,14,70,51,65,2025-11-15
411,8,138,71,32,2025-12-22
412,22,85,27,31,2025-11-12
413,23,108,49,36,2025-11-12
414,24,117,134,62,2025-12-13
415,25,120,33,18,2025-12-20
416,9,53,89,53,2025-12-05
417,1,36,5,47,2025-12-01
418,11,64,89,49,2025-12-17
419,5,90,84,54,2025-12-05
420,14,19,31,19,2025-12-02
421,11,119,60,58,2025-11-22
422,24,44,38,14,2025-11-12
423,3,133,29,36,2025-12-27
424,19,93,114,70,2025-11-05
425,1,61,72,41,2025-12-08
426,20,19,75,46,2025-12-02
427,23,53,31,27,2025-12-18
428,9,75,90,33,2025-11-25
429,17,21,179,58,2025-11-10
430,1,116,41,63,2025-11-08
431,3,106,90,56,2025-12-16
432,20,94,30,15,2025-12-17
433,3,12,16,36,2025-11-27
434,12,10,22,44,2025-11-28
435,11,33,51,50,2025-11-23
436,24,78,56,29,2025-12-23
437,18,4,36,17,2025-11-09
438,11,36,146,57,2025-11-22
439,3,26,180,64,2025-11-26
440,14,97,53,26,2025-12-15
441,10,122,44,61,2025-12-29
442,8,63,282,70,2025-11-25
443,19,94,0,30,2025-12-23
444,3,45,63,49,2025-12-17
445,8,107,48,35,2025-11-11
446,15,3,66,41,2025-11-20
447,25,63,152,57,2025-11-22
448,5,43,111,64,2025-12-11
449,3,133,42,21,2025-12-02
450,8,112,19,11,2025-11-29
451,15,67,102,63,2025-11-07
452,19,118,36,40,2025-12-06
453,24,96,60,43,2025-12-19
454,10,114,130,50,2025-12-22
455,13,121,138,69,2025-12-20
456,17,12,30,19,2025-12-05
457,12,36,29,16,2025-12-30
458,6,18,52,45,2025-12-01
459,22,64,79,52,2025-12-10
460,6,86,33,17,2025-12-05
461,18,136,63,31,2025-11-11
462,9,104,29,13,2025-11-11
463,4,44,18,10,2025-11-13
464,2,4,81,37,2025-11-28
465,23,92,35,23,2025-11-27
466,12,73,32,16,2025-12-24
467,18,17,22,14,2025-12-01
468,22,50,59,31,2025-11-12
469,16,54,70,40,2025-11-08
470,3,42,77,47,2025-11-15
471,1,41,29,12,2025-12-01
472,7,73,62,40,2025-12-06
473,11,3,131,59,2025-12-15
474,25,26,106,65,2025-11-25
475,16,136,60,55,2025-11-20
476,13,14,81,44,2025-11-19
477,13,81,18,10,2025-12-12
478,9,64,104,47,2025-12-17
479,1,16,20,38,2025-12-08
480,13,108,136,44,2025-11-22
481,2,48,0,51,2025-12-06
482,8,123,101,46,2025-12-07
483,11,66,59,44,2025-12-11
484,20,58,92,48,2025-11-04
485,4,9,112,65,2025-11-08
486,1,108,39,54,2025-11-05
487,7,21,32,17,2025-11-22
488,18,6,142,48,2025-12-30
489,11,132,105,54,2025-12-11
490,19,137,110,56,2025-12-28
491,11,33,56,65,2025-11-30
492,21,27,97,42,2025-11-19
493,3,75,144,70,2025-12-25
494,21,24,73,50,2025-12-28
495,17,65,72,53,2025-11-01
496,9,136,25,12,2025-11-18
497,20,32,31,29,2025-11-28
498,19,135,35,26,2025-11-13
499,5,95,74,42,2025-11-28
500,1,55,71,62,2025-11-24
501,14,109,11,15,2025-12-16
502,25,42,241,54,2025-12-10
503,6,91,9,54,2025-12-01
504,10,34,52,41,2025-11-03
505,16,115,72,67,2025-11-05
506,17,94,123,66,2025-12-04
507,17,8,161,69,2025-12-19
508,9,97,102,56,2025-12-16
509,7,35,0,56,2025-12-07
510,15,7,136,44,2025-12-19
511,2,64,88,43,2025-11-19
512,15,107,26,30,2025-12-02
513,16,36,99,53,2025-12-01
514,15,29,63,38,2025-11-05
515,17,110,71,54,2025-12-28
516,22,50,111,68,2025-12-05
517,17,94,22,25,2025-12-13
518,20,123,20,20,2025-12-12
519,1,75,19,54,2025-12-15
520,20,136,44,26,2025-12-02
521,1,89,86,54,2025-11-19
522,2,110,42,29,2025-12-25
523,16,87,47,21,2025-12-03
524,14,56,36,55,2025-12-03
525,15,83,60,39,2025-12-27
526,18,48,87,62,2025-12-24
527,14,10,125,53,2025-12-31
528,16,125,70,52,2025-11-13
529,23,113,46,26,2025-11-09
530,17,94,5,55,2025-12-26
531,14,64,60,24,2025-11-18
532,3,45,32,17,2025-11-26
533,17,93,36,30,2025-12-12
534,12,44,54,22,2025-11-23
535,14,48,60,60,2025-11-21
536,15,123,160,70,2025-12-31
537,11,42,101,40,2025-11-05
538,3,22,70,29,2025-11-27
539,10,77,92,64,2025-11-14
540,1,72,110,46,2025-11-22
541,5,17,23,16,2025-11-15
542,24,47,69,56,2025-11-26
543,25,138,28,56,2025-11-16
544,8,112,42,13,2025-12-07
545,20,42,136,61,2025-11-10
546,1,15,25,28,2025-11-22
547,1,27,135,60,2025-11-25
548,7,35,84,34,2025-11-03
549,19,55,125,52,2025-12-01
550,3,94,30,31,2025-11-20
551,17,136,12,14,2025-11-06
552,8,81,80,54,2025-12-11
553,1,54,82,53,2025-11-04
554,2,135,41,15,2025-11-17
555,12,106,45,23,2025-11-06
556,15,132,57,66,2025-11-08
557,16,130,25,19,2025-11-08
558,3,34,43,28,2025-12-31
559,10,102,76,30,2025-12-18
560,17,133,42,30,2025-11-12
561,4,125,8,60,2025-12-16
562,9,139,43,21,2025-11-18
563,16,46,61,42,2025-11-06
564,5,3,112,34,2025-11-13
565,18,55,43,40,2025-11-22
566,15,47,22,33,2025-12-26
567,4,52,175,51,2025-11-19
568,24,99,98,68,2025-12-20
569,12,95,107,62,2025-12-04
570,1,45,2,40,2025-12-04
571,18,50,59,33,2025-11-01
572,13,16,31,13,2025-12-28
573,10,119,28,30,2025-11-26
574,3,114,41,35,2025-11-22
575,11,125,81,42,2025-11-23
576,19,75,124,68,2025-11-18
577,5,8,51,33,2025-12-19
578,25,79,38,42,2025-12-19
579,16,51,47,22,2025-11-18
580,18,131,62,24,2025-12-11
581,14,13,16,11,2025-11-14
582,10,48,81,35,2025-11-23
583,1,2,22,15,2025-12-03
584,20,23,63,38,2025-12-15
585,18,61,62,60,2025-12-28
586,8,23,50,47,2025-11-19
587,4,20,87,33,2025-11-19
588,21,92,22,20,2025-11-29
589,24,99,84,52,2025-11-09
590,11,45,95,41,2025-11-26
591,17,113,76,44,2025-11-15
592,23,93,59,59,2025-11-06
593,4,80,74,63,2025-11-07
594,18,87,68,34,2025-12-19
595,9,16,110,53,2025-11-24
596,11,29,70,32,2025-12-05
597,18,21,32,37,2025-12-12
598,1,76,85,35,2025-11-16
599,22,109,43,53,2025-12-10
600,4,110,112,48,2025-11-27
601,6,81,22,14,2025-12-30
602,25,18,89,49,2025-11-18
603,4,25,17,20,2025-11-22
604,12,132,13,12,2025-12-07
605,19,47,69,41,2025-12-13
606,1,127,45,28,2025-11-30
607,9,115,76,39,2025-12-01
608,19,140,14,18,2025-12-10
609,7,51,25,20,2025-11-17
610,15,98,16,12,2025-12-09
611,2,136,47,67,2025-11-14
612,2,89,136,69,2025-12-04
613,19,107,70,66,2025-11-08
614,16,105,141,55,2025-11-19
615,14,48,71,58,2025-12-10
616,23,43,125,46,2025-12-27
617,11,59,114,57,2025-11-02
618,25,66,90,68,2025-12-12
619,14,129,38,40,2025-11-15
620,22,41,45,38,2025-11-04
621,20,121,6,11,2025-12-03
622,2,9,30,10,2025-12-15
623,19,34,18,16,2025-11-04
624,16,86,111,65,2025-12-06
625,3,71,56,44,2025-12-09
626,7,74,45,19,2025-11-04
627,3,105,55,34,2025-11-28
628,8,46,6,12,2025-12-03
629,19,97,33,33,2025-11-22
630,20,54,69,39,2025-11-13
631,7,2,94,63,2025-11-12
632,15,19,87,45,2025-11-06
633,16,69,49,43,2025-11-02
634,21,48,67,59,2025-11-22
635,10,20,169,55,2025-11-28
636,6,37,142,39,2025-11-01
637,9,138,74,47,2025-11-06
638,25,125,23,16,2025-12-03
639,9,12,149,52,2025-11-26
640,15,113,45,26,2025-12-23
641,16,91,25,20,2025-12-04
642,6,35,70,25,2025-11-04
643,11,66,111,45,2025-11-28
644,21,92,74,48,2025-12-21
645,21,13,119,41,2025-11-08
646,22,18,54,27,2025-11-23
647,4,86,76,63,2025-12-12
648,13,20,80,31,2025-12-02
649,9,38,36,61,2025-11-07
650,15,45,63,24,2025-11-26
651,11,60,37,22,2025-11-07
652,5,101,67,62,2025-11-12
653,19,116,70,30,2025-11-30
654,20,70,27,16,2025-11-22
655,15,69,72,46,2025-12-26
656,4,35,125,56,2025-11-06
657,23,96,98,62,2025-11-19
658,21,10,60,33,2025-12-23
659,9,27,50,28,2025-11-14
660,8,123,65,48,2025-11-29
661,20,95,24,14,2025-12-02
662,20,18,88,65,2025-11-09
663,13,56,50,35,2025-12-03
664,24,94,61,51,2025-11-18
665,24,23,9,11,2025-11-08
666,13,53,68,49,2025-12-14
667,7,123,32,28,2025-12-22
668,2,122,60,40,2025-12-26
669,18,122,29,18,2025-12-17
670,15,20,51,45,2025-11-14
671,5,45,71,37,2025-11-03
672,25,131,45,43,2025-12-25
673,22,33,54,39,2025-12-25
674,1,10,35,15,2025-12-15
675,5,3,91,57,2025-11-21
676,11,1,23,12,2025-12-05
677,17,74,105,51,2025-12-09
678,19,3,36,35,2025-12-10
679,18,43,195,64,2025-11-02
680,13,99,35,25,2025-12-14
681,21,136,39,26,2025-12-29
682,21,105,36,41,2025-12-02
683,15,90,61,28,2025-12-05
684,18,28,17,15,2025-12-04
685,15,82,24,26,2025-11-17
686,5,30,105,65,2025-12-12
687,10,82,14,11,2025-11-12
688,15,99,92,40,2025-11-01
689,8,11,119,68,2025-12-28
690,24,108,88,68,2025-12-21
691,24,2,18,16,2025-11-28
692,19,115,132,57,2025-12-30
693,22,29,78,68,2025-11-01
694,9,7,126,60,2025-12-16
695,18,48,40,33,2025-12-31
696,22,129,123,52,2025-11-13
697,25,39,53,34,2025-12-05
698,11,93,30,13,2025-11-30
699,23,119,129,62,2025-12-01
700,7,80,132,60,2025-12-08
701,3,14,27,15,2025-11-07
702,18,76,42,23,2025-12-23
703,8,103,188,68,2025-11-17
704,17,36,38,32,2025-11-05
705,7,99,14,10,2025-11-13
706,17,73,30,14,2025-11-22
707,22,35,219,69,2025-11-11
708,5,53,25,19,2025-11-22
709,18,62,137,38,2025-12-27
710,15,132,52,40,2025-11-07
711,8,82,77,68,2025-12-12
712,22,108,15,13,2025-11-23
713,13,91,30,58,2025-11-11
714,18,77,3,10,2025-11-08
715,1,46,58,53,2025-11-23
716,16,23,64,64,2025-11-18
717,20,128,111,69,2025-12-05
718,6,136,66,28,2025-11-30
719,4,127,44,42,2025-12-29
720,24,77,91,69,2025-12-21
721,3,75,111,70,2025-12-29
722,11,33,103,49,2025-11-13
723,5,122,68,35,2025-11-20
724,13,100,25,50,2025-12-20
725,16,43,52,17,2025-11-13
726,23,32,36,45,2025-11-10
727,15,28,106,42,2025-12-10
728,9,12,12,19,2025-11-06
729,15,55,37,58,2025-12-08
730,18,37,121,50,2025-11-09
731,4,55,68,40,2025-12-22
732,21,66,44,55,2025-12-24
733,16,13,100,43,2025-12-22
734,17,135,42,40,2025-12-23
735,16,59,97,68,2025-12-22
736,2,7,126,36,2025-11-16
737,4,12,75,31,2025-12-14
738,10,29,24,18,2025-11-09
739,3,8,77,29,2025-11-04
740,16,31,127,37,2025-12-02
741,17,68,41,25,2025-12-12
742,24,125,96,60,2025-11-06
743,5,38,92,48,2025-11-22
744,7,42,52,36,2025-11-29
745,25,63,90,55,2025-12-15
746,2,69,78,53,2025-12-11
747,4,126,27,28,2025-11-21
748,17,79,22,15,2025-11-20
749,20,12,137,67,2025-11-08
750,17,37,2,10,2025-11-30
751,19,98,43,24,2025-12-28
752,23,26,44,33,2025-11-06
753,10,60,119,66,2025-11-14
754,9,95,18,12,2025-11-06
755,23,118,107,69,2025-12-09
756,9,30,35,63,2025-11-03
757,8,20,142,59,2025-11-19
758,22,100,78,58,2025-12-28
759,8,20,33,23,2025-11-06
760,1,106,72,58,2025-11-17
761,21,136,237,68,2025-12-30
762,19,134,60,64,2025-11-15
763,15,127,41,17,2025-11-13
764,17,24,59,41,2025-12-05
765,25,55,31,32,2025-11-09
766,25,51,31,34,2025-12-27
767,25,55,63,26,2025-11-22
768,1,1,128,44,2025-11-21
769,23,106,33,17,2025-12-18
770,5,86,43,28,2025-12-04
771,8,53,92,64,2025-11-24
772,15,127,28,16,2025-12-16
773,8,19,57,62,2025-11-27
774,1,57,136,42,2025-12-08
775,18,83,100,50,2025-12-12
776,22,113,14,16,2025-11-04
777,1,88,9,18,2025-11-14
778,2,127,181,70,2025-12-06
779,11,90,53,28,2025-11-03
780,5,96,79,58,2025-12-26
781,12,17,69,52,2025-11-19
782,1,60,37,56,2025-12-01
783,20,88,55,68,2025-12-03
784,15,1,67,51,2025-11-13
785,21,57,114,61,2025-12-27
786,12,85,64,49,2025-12-14
787,5,131,25,10,2025-12-19
788,8,13,28,16,2025-11-24
789,12,49,17,15,2025-12-03
790,4,64,74,20,2025-11-03
791,25,138,18,60,2025-11-01
792,4,33,34,16,2025-12-18
793,6,37,28,18,2025-12-08
794,3,135,18,19,2025-12-06
795,11,125,24,20,2025-11-24
796,18,139,18,20,2025-11-14
797,16,5,185,48,2025-11-26
798,13,15,138,62,2025-12-10
799,19,78,132,64,2025-12-07
800,1,110,30,41,2025-12-26
801,5,124,42,21,2025-12-15
802,20,106,141,67,2025-12-24
803,18,30,140,42,2025-12-09
804,12,47,91,70,2025-12-18
805,6,48,138,62,2025-11-04
806,11,113,25,46,2025-12-30
807,15,102,32,19,2025-12-10
808,5,88,120,67,2025-11-08
809,10,2,94,56,2025-11-07
810,24,32,86,66,2025-11-08
811,12,25,21,45,2025-11-09
812,14,106,116,37,2025-11-11
813,9,26,45,20,2025-11-16
814,24,106,42,18,2025-11-19
815,19,14,60,56,2025-11-15
816,2,140,143,60,2025-11-12
817,8,135,40,32,2025-11-17
818,1,139,39,39,2025-11-19
819,15,88,18,14,2025-12-28
820,3,23,49,42,2025-12-23
821,20,106,64,26,2025-12-27
822,8,76,325,69,2025-12-27
823,5,89,51,35,2025-12-18
824,6,119,69,56,2025-11-26
825,6,31,121,36,2025-11-14
826,16,90,67,51,2025-11-03
827,16,23,35,29,2025-11-14
828,3,70,79,41,2025-12-14
829,21,24,84,65,2025-12-23
830,13,132,53,39,2025-11-19
831,5,27,123,51,2025-12-21
832,21,63,98,39,2025-11-19
833,7,48,5,41,2025-11-04
834,9,21,214,70,2025-12-04
835,7,8,54,32,2025-12-31
836,17,55,67,28,2025-12-01
837,7,103,23,33,2025-11-17
838,1,134,52,35,2025-11-10
839,23,121,108,60,2025-12-09
840,23,116,68,45,2025-12-27
841,7,28,149,70,2025-12-18
842,1,54,0,36,2025-11-02
843,2,110,21,39,2025-12-06
844,4,132,56,31,2025-12-20
845,11,15,284,64,2025-12-19
846,11,129,39,46,2025-11-04
847,15,121,51,46,2025-12-13
848,2,40,70,26,2025-11-24
849,16,56,16,10,2025-12-19
850,13,75,121,70,2025-11-07
851,15,51,14,12,2025-11-04
852,19,71,26,22,2025-11-06
853,25,27,121,60,2025-12-16
854,19,30,26,20,2025-12-29
855,22,118,107,70,2025-11-26
856,11,108,205,59,2025-11-21
857,20,113,61,30,2025-12-11
858,25,48,109,51,2025-12-31
859,5,123,113,48,2025-11-04
860,11,54,25,31,2025-12-31
861,12,5,65,16,2025-12-28
862,22,92,25,10,2025-11-29
863,14,114,59,20,2025-12-30
864,6,136,42,45,2025-11-19
865,12,73,167,64,2025-12-16
866,14,121,8,41,2025-11-19
867,16,3,99,45,2025-11-03
868,19,93,17,19,2025-11-10
869,10,106,99,63,2025-11-30
870,3,136,66,53,2025-12-21
871,5,136,122,63,2025-11-23
872,23,129,173,59,2025-11-16
873,5,79,35,37,2025-12-12
874,14,70,152,61,2025-11-16
875,13,15,90,34,2025-11-20
876,14,51,122,67,2025-11-17
877,20,57,53,27,2025-11-18
878,11,117,201,66,2025-12-12
879,7,124,81,39,2025-11-28
880,25,8,30,26,2025-12-11
881,25,46,68,31,2025-12-14
882,25,8,100,40,2025-11-19
883,20,131,31,12,2025-11-10
884,25,49,94,68,2025-11-23
885,21,17,51,52,2025-11-21
886,20,133,43,65,2025-11-07
887,15,69,6,15,2025-12-19
888,2,117,65,28,2025-11-29
889,4,27,51,26,2025-11-22
890,7,29,89,38,2025-11-19
891,1,134,65,36,2025-11-16
892,16,124,68,36,2025-11-13
893,22,109,24,37,2025-11-19
894,25,108,211,70,2025-11-03
895,13,50,143,63,2025-12-27
896,5,22,38,13,2025-11-05
897,14,75,78,41,2025-11-10
898,18,39,59,37,2025-12-07
899,8,135,7,10,2025-12-04
900,20,106,51,35,2025-12-28
901,19,106,103,53,2025-12-23
902,4,94,65,42,2025-12-31
903,6,33,34,30,2025-12-02
904,12,140,13,10,2025-12-28
905,8,136,42,28,2025-12-03
906,25,123,73,37,2025-12-20
907,16,128,52,56,2025-12-06
908,8,118,24,34,2025-12-04
909,9,21,82,52,2025-11-26
910,23,127,25,12,2025-11-02
911,14,96,62,49,2025-12-09
912,14,56,37,31,2025-12-13
913,1,140,137,68,2025-12-23
914,11,93,80,70,2025-12-05
915,8,40,116,34,2025-11-25
916,21,32,123,55,2025-11-27
917,13,113,19,13,2025-12-31
918,9,121,117,59,2025-12-18
919,11,137,39,16,2025-12-21
920,11,96,71,42,2025-12-26
921,1,17,26,20,2025-12-05
922,2,69,73,59,2025-12-03
923,19,15,164,66,2025-12-26
924,12,24,92,57,2025-12-03
925,25,57,92,64,2025-12-15
926,20,103,83,27,2025-11-20
927,6,123,12,64,2025-12-21
928,12,128,12,25,2025-11-26
929,8,18,129,62,2025-12-17
930,2,11,133,59,2025-11-20
931,18,28,291,66,2025-11-04
932,17,20,135,46,2025-11-09
933,6,140,110,70,2025-11-23
934,24,85,63,40,2025-11-10
935,3,102,180,67,2025-12-03
936,8,95,52,33,2025-11-28
937,5,97,136,70,2025-12-31
938,4,119,55,35,2025-12-22
939,14,110,70,43,2025-12-21
940,13,11,47,56,2025-12-05
941,8,76,24,16,2025-11-11
942,24,27,141,57,2025-12-31
943,25,56,4,26,2025-12-25
944,22,131,98,61,2025-11-14
945,6,138,28,28,2025-11-26
946,1,121,70,53,2025-12-26
947,21,67,120,61,2025-12-05
948,16,61,31,24,2025-12-28
949,18,35,62,22,2025-11-23
950,2,29,19,10,2025-11-13
951,7,8,110,69,2025-11-09
952,20,99,23,19,2025-12-07
953,2,43,72,30,2025-12-19
954,15,6,102,34,2025-12-07
955,3,7,70,36,2025-11-04
956,22,117,31,14,2025-12-27
957,7,46,72,44,2025-12-22
958,21,118,42,29,2025-11-11
959,10,136,35,51,2025-11-02
960,16,120,6,13,2025-11-21
961,19,51,11,15,2025-12-22
962,15,39,100,42,2025-11-03
963,6,132,21,12,2025-11-21
964,8,138,109,53,2025-12-14
965,22,102,148,39,2025-12-09
966,2,62,22,20,2025-12-17
967,22,41,106,53,2025-12-13
968,12,87,96,62,2025-11-07
969,15,1,37,15,2025-12-22
970,3,118,86,43,2025-12-14
971,25,132,150,54,2025-12-26
972,13,75,102,58,2025-11-12
973,3,40,211,61,2025-12-15
974,7,86,34,28,2025-11-27
975,21,55,79,46,2025-12-09
976,6,130,17,29,2025-12-08
977,11,62,199,69,2025-12-30
978,24,109,40,52,2025-11-17
979,20,92,37,19,2025-12-03
980,13,98,51,33,2025-12-03
981,18,17,108,57,2025-11-30
982,1,98,62,35,2025-11-14
983,2,56,20,18,2025-11-09
984,25,56,54,39,2025-12-10
985,25,1,68,27,2025-11-23
986,13,123,66,48,2025-12-17
987,3,96,22,27,2025-11-15
988,10,1,69,43,2025-12-16
989,2,87,50,58,2025-11-21
990,22,135,110,63,2025-11-03
991,18,100,40,33,2025-12-16
992,1,56,44,24,2025-12-17
993,18,133,86,69,2025-12-02
994,13,8,116,66,2025-11-22
995,12,75,109,69,2025-11-27
996,6,100,56,68,2025-12-28
997,24,63,69,38,2025-11-12
998,24,57,168,55,2025-11-21
999,12,8,48,29,2025-11-19
1000,1,130,78,51,2025-11-01
1001,18,64,14,30,2025-12-19
1002,9,39,150,57,2025-11-01
1003,25,30,73,30,2025-11-05
1004,17,22,67,35,2025-12-06
1005,19,31,58,18,2025-12-13
1006,19,122,0,41,2025-11-27
1007,14,24,140,63,2025-11-04
1008,1,4,130,52,2025-12-22
1009,12,115,13,10,2025-11-19
1010,1,29,53,47,2025-11-06
1011,9,117,257,64,2025-11-21
1012,7,9,60,35,2025-12-09
1013,17,131,121,46,2025-11-01
1014,17,27,35,44,2025-12-17
1015,21,104,35,23,2025-12-02
1016,21,46,102,65,2025-11-04
1017,24,116,22,21,2025-11-28
1018,14,27,110,60,2025-11-18
1019,17,99,42,43,2025-11-08
1020,16,85,46,19,2025-11-30
1021,24,19,55,41,2025-11-20
1022,3,9,30,28,2025-12-24
1023,25,116,90,51,2025-11-09
1024,4,30,86,58,2025-11-15
1025,6,46,54,42,2025-12-17
1026,13,3,22,18,2025-12-05
1027,23,135,61,26,2025-12-26
1028,6,2,96,64,2025-11-30
1029,12,117,54,28,2025-11-22
1030,22,45,101,66,2025-11-16
1031,1,57,31,12,2025-12-14
1032,24,129,181,56,2025-12-22
1033,18,106,47,22,2025-11-05
1034,13,112,58,70,2025-11-21
1035,18,140,82,55,2025-12-24
1036,20,49,113,34,2025-12-28
1037,23,61,48,22,2025-11-03
1038,13,100,95,62,2025-12-06
1039,23,69,55,67,2025-12-22
1040,1,125,8,19,2025-12-30
1041,10,19,76,56,2025-12-10
1042,15,70,57,45,2025-11-14
1043,4,8,196,56,2025-11-14
1044,10,16,31,70,2025-12-12
1045,4,72,102,68,2025-11-03
1046,1,100,90,59,2025-11-14
1047,7,50,113,61,2025-12-16
1048,12,16,41,29,2025-11-07
1049,3,48,71,49,2025-11-01
1050,21,79,82,46,2025-11-08
1051,9,56,121,61,2025-12-06
1052,25,36,30,21,2025-11-02
1053,18,130,57,27,2025-11-21
1054,11,123,85,39,2025-12-11
1055,20,134,126,57,2025-11-22
1056,23,93,23,19,2025-11-28
1057,12,28,101,67,2025-12-08
1058,6,24,155,68,2025-11-28
1059,18,35,118,35,2025-11-02
1060,25,130,78,47,2025-12-16
1061,4,133,109,38,2025-11-29
1062,13,65,37,18,2025-11-04
1063,3,60,16,33,2025-11-28
1064,16,100,49,48,2025-12-17
1065,9,125,132,69,2025-12-21
1066,9,98,70,32,2025-11-23
1067,21,63,96,57,2025-12-30
1068,22,102,40,29,2025-11-19
1069,2,68,197,63,2025-12-12
1070,1,51,103,55,2025-12-13
1071,15,90,57,62,2025-11-26
1072,21,127,107,60,2025-12-05
1073,20,37,25,13,2025-12-18
1074,18,25,85,63,2025-12-23
1075,1,56,84,39,2025-11-10
1076,24,50,11,12,2025-11-22
1077,14,116,87,27,2025-11-13
1078,24,26,63,67,2025-11-16
1079,5,54,51,51,2025-11-19
1080,11,47,64,38,2025-12-25
1081,8,124,40,41,2025-11-15
1082,17,110,17,61,2025-12-13
1083,3,76,91,44,2025-12-17
1084,1,45,37,25,2025-12-31
1085,10,86,28,13,2025-12-17
1086,4,2,122,56,2025-11-19
1087,19,10,36,59,2025-12-20
1088,20,25,58,64,2025-11-27
1089,2,111,68,63,2025-12-26
1090,20,24,78,46,2025-11-04
1091,22,87,44,34,2025-11-14
1092,25,96,38,41,2025-11-07
1093,17,135,17,45,2025-11-19
1094,8,22,151,58,2025-11-07
1095,20,18,74,69,2025-12-21
1096,1,3,50,22,2025-11-12
1097,18,70,42,57,2025-12-08
1098,22,53,115,63,2025-12-05
1099,25,60,51,30,2025-11-05
1100,2,135,23,12,2025-12-11
1101,3,4,49,29,2025-12-04
1102,5,2,35,24,2025-11-12
1103,13,140,47,36,2025-11-03
1104,12,1,35,34,2025-12-20
1105,6,117,167,64,2025-11-09
1106,18,41,13,12,2025-12-17
1107,16,125,69,56,2025-11-09
1108,17,116,98,44,2025-12-30
1109,16,129,47,57,2025-12-03
1110,2,85,25,24,2025-11-05
1111,12,33,209,62,2025-11-06
1112,25,74,109,56,2025-12-03
1113,4,86,26,61,2025-11-18
1114,10,124,25,43,2025-11-26
1115,25,90,67,68,2025-12-30
1116,1,49,101,42,2025-11-05
1117,6,99,18,28,2025-11-12
1118,22,10,72,44,2025-12-10
1119,23,27,27,12,2025-11-02
1120,6,30,51,29,2025-11-20
1121,14,100,36,22,2025-11-29
1122,17,134,95,45,2025-12-24
1123,24,94,12,16,2025-12-27
1124,18,58,17,12,2025-12-29
1125,25,114,16,49,2025-11-21
1126,1,64,69,22,2025-11-28
1127,10,25,38,49,2025-12-08
1128,14,83,12,45,2025-11-25
1129,7,101,56,37,2025-12-13
1130,15,112,91,55,2025-12-25
1131,23,129,32,33,2025-12-12
1132,1,62,40,14,2025-12-08
1133,9,65,36,24,2025-12-27
1134,6,9,62,38,2025-11-28
1135,17,54,25,19,2025-11-07
1136,22,86,12,47,2025-11-15
1137,21,86,16,12,2025-12-17
1138,20,14,23,34,2025-11-10
1139,6,24,89,46,2025-11-22
1140,6,122,44,25,2025-11-11
1141,2,66,145,55,2025-11-21
1142,15,101,32,12,2025-11-16
1143,8,7,91,68,2025-11-28
1144,17,131,226,64,2025-11-25
1145,4,105,132,57,2025-12-03
1146,11,46,83,33,2025-11-07
1147,7,39,115,58,2025-12-24
1148,7,114,86,25,2025-11-29
1149,14,109,147,58,2025-11-13
1150,21,140,78,28,2025-12-02
1151,22,122,42,44,2025-12-06
1152,19,89,86,60,2025-11-25
1153,18,50,34,23,2025-12-17
1154,23,27,29,17,2025-12-07
1155,13,51,34,38,2025-12-20
1156,25,104,125,62,2025-12-02
1157,5,82,61,48,2025-11-01
1158,17,24,90,68,2025-11-01
1159,15,126,143,64,2025-11-01
1160,19,25,39,34,2025-11-23
1161,8,8,0,16,2025-11-12
1162,15,59,34,19,2025-12-03
1163,23,111,64,23,2025-11-05
1164,25,114,60,37,2025-11-30
1165,21,115,34,13,2025-12-23
1166,9,139,30,18,2025-11-16
1167,14,22,117,50,2025-11-18
1168,10,91,10,11,2025-11-30
1169,7,103,8,20,2025-11-08
1170,20,111,207,67,2025-12-11
1171,23,103,79,36,2025-12-13
1172,24,35,32,26,2025-12-28
1173,20,98,102,59,2025-11-04
1174,17,99,42,30,2025-11-26
1175,10,23,85,54,2025-12-28
1176,17,67,57,51,2025-12-12
1177,4,26,152,60,2025-12-09
1178,1,77,66,50,2025-11-19
1179,25,73,29,19,2025-11-02
1180,10,47,31,23,2025-12-30
1181,5,109,46,68,2025-12-13
1182,21,16,16,12,2025-11-01
1183,9,105,38,36,2025-12-20
1184,10,78,14,10,2025-12-31
1185,5,74,21,11,2025-11-04
1186,21,16,72,50,2025-11-17
1187,15,137,48,32,2025-12-24
1188,16,46,25,14,2025-12-24
1189,15,82,40,64,2025-12-26
1190,13,10,48,36,2025-11-15
1191,5,68,24,11,2025-12-21
1192,23,134,70,57,2025-12-18
1193,15,90,54,30,2025-12-14
1194,13,4,154,47,2025-11-09
1195,14,88,42,68,2025-11-10
1196,23,116,9,11,2025-11-29
1197,5,85,16,26,2025-11-30
1198,8,60,25,47,2025-12-29
1199,10,77,85,54,2025-11-13
1200,21,73,92,42,2025-12-14
1201,16,137,78,50,2025-11-18
1202,21,90,35,20,2025-12-13
1203,11,80,26,23,2025-12-14
1204,18,40,99,33,2025-12-10
1205,20,111,25,13,2025-12-19
1206,3,17,143,63,2025-12-10
1207,6,33,46,17,2025-12-12
1208,7,86,55,31,2025-11-07
1209,20,74,0,13,2025-12-12
1210,15,76,48,28,2025-12-08
1211,21,10,65,62,2025-11-20
1212,20,54,87,61,2025-12-13
1213,23,87,72,41,2025-11-29
1214,11,9,29,24,2025-11-01
1215,22,86,47,68,2025-11-28
1216,1,21,0,10,2025-12-03
1217,12,21,102,62,2025-11-22
1218,21,140,41,27,2025-11-23
1219,10,9,50,46,2025-12-20
1220,18,89,34,28,2025-11-27
1221,23,135,22,42,2025-11-04
1222,24,106,45,25,2025-11-06
1223,13,90,81,42,2025-12-27
1224,23,75,31,11,2025-11-29
1225,5,28,122,59,2025-11-30
1226,12,32,41,32,2025-12-11
1227,3,94,65,61,2025-11-01
1228,24,62,34,14,2025-12-23
1229,20,32,26,14,2025-12-15
1230,20,84,148,64,2025-12-04
1231,18,5,18,28,2025-12-12
1232,19,57,57,31,2025-11-02
1233,25,113,26,49,2025-11-27
1234,14,39,90,51,2025-12-23
1235,6,67,110,69,2025-11-22
1236,24,43,38,14,2025-12-28
1237,17,131,131,59,2025-12-05
1238,17,103,32,14,2025-12-13
1239,25,5,184,49,2025-12-18
1240,20,104,125,60,2025-12-15
1241,16,49,36,31,2025-12-18
1242,23,44,66,53,2025-12-15
1243,11,94,39,33,2025-11-11
1244,5,72,128,60,2025-11-09
1245,4,14,136,69,2025-12-29
1246,2,112,71,31,2025-12-22
1247,24,45,74,55,2025-11-05
1248,3,137,54,35,2025-12-12
1249,14,114,76,36,2025-12-10
1250,16,102,70,23,2025-11-15
1251,4,19,48,53,2025-12-07
1252,22,128,27,31,2025-12-09
1253,24,84,70,45,2025-11-26
1254,10,108,67,35,2025-12-12
1255,19,8,73,36,2025-11-03
1256,9,61,54,29,2025-12-08
1257,6,47,26,20,2025-11-14
1258,21,30,35,25,2025-12-01
1259,7,140,35,55,2025-12-30
1260,19,63,42,28,2025-11-03
1261,9,131,115,60,2025-11-27
1262,22,135,59,38,2025-11-09
1263,4,78,57,31,2025-12-26
1264,1,17,47,32,2025-11-28
1265,2,57,29,29,2025-12-14
1266,8,25,58,40,2025-11-03
1267,25,77,31,23,2025-12-31
1268,10,117,85,27,2025-12-15
1269,5,30,38,23,2025-11-08
1270,15,38,64,63,2025-11-23
1271,14,87,75,38,2025-12-12
1272,7,67,15,12,2025-11-26
1273,19,104,82,49,2025-12-22
1274,12,122,53,36,2025-11-16
1275,22,118,29,38,2025-12-02
1276,8,37,28,58,2025-11-14
1277,24,46,81,67,2025-11-22
1278,13,111,43,50,2025-12-07
1279,2,8,45,20,2025-12-28
1280,5,81,75,29,2025-11-29
1281,1,44,91,59,2025-12-16
1282,16,137,11,19,2025-11-22
1283,21,59,65,43,2025-12-29
1284,5,107,102,61,2025-12-08
1285,22,19,76,60,2025-11-03
1286,7,74,58,24,2025-11-03
1287,17,25,38,27,2025-11-21
1288,6,139,9,28,2025-11-28
1289,25,59,53,41,2025-11-06
1290,9,67,69,70,2025-11-14
1291,7,51,89,54,2025-11-20
1292,6,68,71,44,2025-11-08
1293,8,27,29,17,2025-11-08
1294,7,8,35,19,2025-12-14
1295,21,92,67,46,2025-11-07
1296,18,78,222,57,2025-11-08
1297,22,86,128,67,2025-11-08
1298,10,69,33,26,2025-12-14
1299,11,67,71,25,2025-12-13
1300,18,62,38,31,2025-12-30
1301,15,26,35,68,2025-11-06
1302,10,38,12,11,2025-11-10
1303,22,32,68,47,2025-11-04
1304,1,109,25,26,2025-11-29
1305,23,7,133,48,2025-12-10
1306,13,5,28,23,2025-11-16
1307,25,62,44,31,2025-11-15
1308,21,51,26,23,2025-12-30
1309,10,76,11,24,2025-11-30
1310,5,83,21,10,2025-12-20
1311,21,113,82,51,2025-11-08
1312,9,117,209,69,2025-12-14
1313,17,116,73,19,2025-12-03
1314,2,75,67,42,2025-12-03
1315,8,63,45,19,2025-11-11
1316,14,96,42,32,2025-12-06
1317,8,112,73,49,2025-11-01
1318,12,66,134,65,2025-12-07
1319,7,72,129,67,2025-11-16
1320,17,84,43,16,2025-11-13
1321,21,110,37,28,2025-12-15
1322,17,27,164,56,2025-11-14
1323,23,42,114,45,2025-11-08
1324,25,77,44,23,2025-12-12
1325,2,22,211,55,2025-12-20
1326,10,33,67,29,2025-12-23
1327,9,6,109,64,2025-12-20
1328,21,88,73,69,2025-11-20
1329,16,130,59,53,2025-12-03
1330,13,122,1,48,2025-11-10
1331,9,125,121,53,2025-12-04
1332,20,3,112,37,2025-11-05
1333,22,11,89,54,2025-11-21
1334,22,77,34,59,2025-12-13
1335,23,9,9,47,2025-11-06
1336,9,82,53,55,2025-11-21
1337,21,132,108,63,2025-11-07
1338,15,41,55,21,2025-12-16
1339,21,139,41,41,2025-12-22
1340,15,99,120,62,2025-12-17
1341,22,81,29,26,2025-12-02
1342,24,94,65,60,2025-11-03
1343,12,128,20,39,2025-11-02
1344,12,139,52,40,2025-11-19
1345,17,136,106,68,2025-11-23
1346,19,46,3,10,2025-12-26
1347,3,42,145,47,2025-11-04
1348,10,12,27,25,2025-11-25
1349,21,19,25,28,2025-11-20
1350,19,138,34,20,2025-12-14
1351,17,34,27,31,2025-11-05
1352,10,44,55,30,2025-11-19
1353,14,116,163,51,2025-12-01
1354,11,106,111,35,2025-11-19
1355,1,128,22,22,2025-11-24
1356,25,51,113,64,2025-12-23
1357,10,32,86,48,2025-12-19
1358,15,6,61,53,2025-12-23
1359,10,90,59,52,2025-11-17
1360,13,69,25,14,2025-12-19
1361,4,75,57,25,2025-11-08
1362,22,85,28,22,2025-12-06
1363,21,120,134,69,2025-12-21
1364,25,82,49,32,2025-12-17
1365,4,90,56,66,2025-11-10
1366,8,51,15,12,2025-11-14
1367,2,70,57,40,2025-11-30
1368,1,127,216,59,2025-12-31
1369,12,43,114,65,2025-12-21
1370,8,96,82,62,2025-11-08
1371,15,23,20,23,2025-11-06
1372,9,106,62,39,2025-11-21
1373,25,113,116,70,2025-11-17
1374,20,36,49,59,2025-11-25
1375,18,102,61,57,2025-11-26
1376,16,139,25,22,2025-12-13
1377,23,88,41,40,2025-12-29
1378,23,26,40,47,2025-11-17
1379,7,36,54,61,2025-12-06
1380,3,22,34,23,2025-12-08
1381,4,91,28,20,2025-11-09
1382,9,99,48,52,2025-11-16
1383,17,98,67,63,2025-11-30
1384,22,90,2,10,2025-11-21
1385,18,127,168,58,2025-11-28
1386,19,44,125,38,2025-12-25
1387,21,97,93,70,2025-12-30
1388,14,103,161,53,2025-12-30
1389,18,108,44,43,2025-11-18
1390,6,47,88,31,2025-11-05
1391,21,32,20,31,2025-11-11
1392,7,70,128,68,2025-11-18
1393,23,13,22,18,2025-11-01
1394,24,111,34,16,2025-11-20
1395,2,80,185,70,2025-12-07
1396,17,10,31,14,2025-11-05
1397,15,116,97,61,2025-11-24
1398,17,41,151,60,2025-11-27
1399,16,139,61,54,2025-12-28
1400,5,135,126,52,2025-12-27
1401,4,122,12,10,2025-11-28
1402,24,132,160,67,2025-11-07
1403,14,78,46,25,2025-12-06
1404,23,25,22,27,2025-12-30
1405,18,61,82,62,2025-11-20
1406,24,107,53,25,2025-12-12
1407,6,7,20,12,2025-12-02
1408,23,33,88,43,2025-12-01
1409,3,98,32,16,2025-11-04
1410,17,133,178,53,2025-12-01
1411,11,114,56,21,2025-12-13
1412,10,16,43,26,2025-12-05
1413,11,107,95,66,2025-12-01
1414,21,63,272,64,2025-12-22
1415,2,104,45,24,2025-11-11
1416,25,65,33,29,2025-11-04
1417,7,79,36,22,2025-11-28
1418,23,71,54,29,2025-12-16
1419,23,19,27,39,2025-11-30
1420,10,7,66,20,2025-11-07
1421,9,131,34,17,2025-12-07
1422,14,22,94,28,2025-12-06
1423,1,48,42,19,2025-11-02
1424,21,15,248,62,2025-11-11
1425,25,128,23,12,2025-11-18
1426,7,58,22,17,2025-12-14
1427,21,96,88,57,2025-12-26
1428,18,70,26,16,2025-11-17
1429,16,130,46,25,2025-12-14
1430,11,69,79,65,2025-12-12
1431,21,25,72,51,2025-11-21
1432,13,88,18,20,2025-12-20
1433,6,111,0,56,2025-11-12
1434,1,130,51,54,2025-11-03
1435,20,65,57,62,2025-11-17
1436,22,92,37,34,2025-12-09
1437,15,89,85,62,2025-11-18
1438,17,83,24,20,2025-11-09
1439,3,29,39,31,2025-11-30
1440,18,15,107,51,2025-11-26
1441,10,43,146,70,2025-11-01
1442,19,94,25,12,2025-12-16
1443,6,52,98,51,2025-11-30
1444,10,36,62,45,2025-12-02
1445,24,3,36,12,2025-11-05
1446,2,110,35,21,2025-11-02
1447,18,31,147,66,2025-12-28
1448,20,114,23,11,2025-11-24
1449,8,10,39,63,2025-12-29
1450,2,129,146,64,2025-11-28
1451,21,82,16,17,2025-11-25
1452,2,26,19,12,2025-11-27
1453,19,49,60,53,2025-11-13
1454,6,7,41,21,2025-12-23
1455,7,13,121,57,2025-12-31
1456,23,64,108,45,2025-11-13
1457,21,118,91,35,2025-12-02
1458,17,36,67,25,2025-11-26
1459,22,111,49,21,2025-12-15
1460,22,103,158,54,2025-11-22
1461,25,88,95,69,2025-12-02
1462,24,45,118,46,2025-12-08
1463,12,86,16,29,2025-11-10
1464,21,122,14,13,2025-11-07
1465,18,85,78,31,2025-11-26
1466,3,116,183,59,2025-12-29
1467,15,87,48,27,2025-11-10
1468,20,37,145,56,2025-11-02
1469,7,2,39,34,2025-11-17
1470,13,7,98,49,2025-12-19
1471,25,54,45,26,2025-12-17
1472,6,11,50,27,2025-12-16
1473,6,36,82,33,2025-11-14
1474,22,5,134,47,2025-11-11
1475,21,14,51,21,2025-12-01
1476,4,82,32,16,2025-11-13
1477,7,103,41,35,2025-11-09
1478,16,37,155,60,2025-11-09
1479,21,40,28,37,2025-11-15
1480,7,3,96,46,2025-12-05
1481,13,124,17,30,2025-11-30
1482,21,107,53,61,2025-11-21
1483,16,128,76,51,2025-11-04
1484,11,132,43,24,2025-11-02
1485,3,3,95,48,2025-11-08
1486,25,56,55,22,2025-11-23
1487,3,82,82,52,2025-11-01
1488,22,88,70,33,2025-12-01
1489,14,73,85,67,2025-11-17
1490,9,133,69,42,2025-12-24
1491,11,92,59,32,2025-11-13
1492,6,33,115,38,2025-12-15
1493,16,117,16,23,2025-12-02
1494,15,5,85,31,2025-11-23
1495,16,78,265,65,2025-12-15
1496,21,83,36,56,2025-11-30
1497,6,81,12,13,2025-12-25
1498,10,40,109,35,2025-11-10
1499,22,108,34,13,2025-12-13
1500,17,48,45,59,2025-11-09
1501,21,59,30,44,2025-12-19
1502,22,104,143,65,2025-12-24
1503,22,3,65,27,2025-12-24
1504,20,129,69,42,2025-12-28
1505,3,64,41,16,2025-11-19
1506,15,68,46,25,2025-11-19
1507,19,72,60,52,2025-12-25
1508,23,84,24,22,2025-12-23
1509,25,39,120,39,2025-11-21
1510,16,119,58,34,2025-12-24
1511,25,105,96,42,2025-12-04
1512,6,68,44,32,2025-11-16
1513,22,102,25,16,2025-12-07
1514,4,130,61,24,2025-12-05
1515,25,78,56,41,2025-11-26
1516,22,23,88,60,2025-11-03
1517,13,40,72,26,2025-11-14
1518,10,45,61,58,2025-12-07
1519,2,63,171,44,2025-12-29
1520,18,26,36,34,2025-12-26
1521,13,90,39,25,2025-12-07
1522,4,77,6,10,2025-11-01
1523,10,78,97,32,2025-12-09
1524,13,139,39,43,2025-11-24
1525,14,98,11,14,2025-12-07
1526,8,37,82,34,2025-12-31
1527,6,49,93,53,2025-11-28
1528,2,136,120,66,2025-11-11
1529,13,44,74,55,2025-12-27
1530,16,66,16,51,2025-11-19
1531,22,39,116,62,2025-12-14
1532,25,50,39,51,2025-12-08
1533,18,139,26,20,2025-12-05
1534,19,134,99,70,2025-11-04
1535,4,132,103,56,2025-12-15
1536,16,55,33,19,2025-12-29
1537,23,137,16,35,2025-11-24
1538,14,139,36,34,2025-11-27
1539,2,105,85,40,2025-11-08
1540,12,78,16,15,2025-12-09
1541,9,89,42,34,2025-11-28
1542,2,79,36,18,2025-11-21
1543,23,116,0,66,2025-12-17
1544,17,22,124,33,2025-11-09
1545,16,39,13,13,2025-12-15
1546,14,41,24,13,2025-12-27
1547,3,8,40,44,2025-11-17
1548,1,28,55,54,2025-11-02
1549,1,69,64,45,2025-11-23
1550,6,96,27,19,2025-12-06
1551,7,33,0,43,2025-12-30
1552,12,78,40,32,2025-11-13
1553,14,4,205,57,2025-12-23
1554,24,37,18,13,2025-12-17
1555,2,129,68,29,2025-12-11
1556,17,71,79,44,2025-11-11
1557,10,123,163,70,2025-11-11
1558,7,16,0,35,2025-11-24
1559,13,135,64,60,2025-12-28
1560,4,48,53,65,2025-11-29
1561,8,25,32,19,2025-11-10
1562,2,84,61,18,2025-12-13
1563,16,104,31,18,2025-11-14
1564,25,19,57,35,2025-11-27
1565,22,35,52,19,2025-12-18
1566,8,10,119,68,2025-12-14
1567,5,116,166,67,2025-11-02
1568,10,47,117,56,2025-12-22
1569,24,62,69,59,2025-11-06
1570,9,34,147,67,2025-12-26
1571,19,28,39,17,2025-11-23
1572,2,59,84,61,2025-11-10
1573,11,131,85,53,2025-12-16
1574,6,51,32,32,2025-12-09
1575,22,47,43,60,2025-12-08
1576,16,106,20,15,2025-12-30
1577,20,42,99,35,2025-12-10
1578,14,128,176,68,2025-12-10
1579,22,20,38,21,2025-11-28
1580,19,119,32,18,2025-11-23
1581,22,140,114,46,2025-12-05
1582,7,36,64,49,2025-12-24
1583,14,87,24,19,2025-12-09
1584,2,75,44,30,2025-11-18
1585,5,79,53,45,2025-11-13
1586,16,18,88,31,2025-12-27
1587,7,112,232,57,2025-12-11
1588,8,31,124,57,2025-12-29
1589,4,46,154,59,2025-12-18
1590,22,107,69,41,2025-11-15
1591,13,102,149,56,2025-12-25
1592,18,79,82,65,2025-11-21
1593,11,61,68,38,2025-11-04
1594,6,72,37,19,2025-12-25
1595,25,27,63,31,2025-11-14
1596,17,126,39,16,2025-12-18
1597,1,107,111,64,2025-11-11
1598,16,96,68,68,2025-11-21
1599,8,100,46,28,2025-11-25
1600,6,123,110,41,2025-11-14
1601,11,109,48,43,2025-12-13
1602,21,114,124,68,2025-12-13
1603,9,52,81,22,2025-11-12
1604,22,117,43,14,2025-11-27
1605,13,100,41,15,2025-11-25
1606,23,30,56,19,2025-12-17
1607,15,120,142,69,2025-11-22
1608,15,111,49,35,2025-11-13
1609,15,97,66,53,2025-12-16
1610,24,89,100,61,2025-12-03
1611,4,15,37,23,2025-12-06
1612,22,123,59,29,2025-11-29
1613,3,1,173,55,2025-11-30
1614,2,66,56,63,2025-11-30
1615,15,64,67,26,2025-11-15
1616,16,122,20,21,2025-11-07
1617,10,8,80,45,2025-11-03
1618,18,111,125,64,2025-12-19
1619,19,134,52,20,2025-11-07
1620,16,32,97,62,2025-12-07
1621,18,25,13,17,2025-12-27
1622,7,25,44,47,2025-12-12
1623,4,67,27,35,2025-11-05
1624,9,34,152,58,2025-12-05
1625,1,66,19,26,2025-11-14
1626,21,139,33,44,2025-11-24
1627,14,134,48,15,2025-11-12
1628,17,41,210,56,2025-12-18
1629,24,63,109,50,2025-12-14
1630,8,23,18,14,2025-12-14
1631,5,55,41,19,2025-11-23
1632,16,22,62,23,2025-12-23
1633,24,108,122,70,2025-12-13
1634,11,51,1,22,2025-12-18
1635,2,24,26,16,2025-11-24
1636,23,3,48,27,2025-12-02
1637,17,36,56,21,2025-12-06
1638,13,19,9,13,2025-12-29
1639,4,47,20,24,2025-11-21
1640,17,83,29,25,2025-11-07
1641,23,136,58,37,2025-12-03
1642,9,16,128,64,2025-12-12
1643,8,28,60,53,2025-12-24
1644,5,92,28,13,2025-12-16
1645,23,24,12,16,2025-12-19
1646,10,113,62,35,2025-12-05
1647,11,28,131,60,2025-12-12
1648,8,42,142,48,2025-12-01
1649,20,139,29,24,2025-12-27
1650,17,6,134,63,2025-12-14
1651,14,73,24,12,2025-11-29
1652,10,55,47,32,2025-11-24
1653,24,44,104,42,2025-12-09
1654,5,73,30,29,2025-11-02
1655,10,90,16,12,2025-11-03
1656,22,7,91,65,2025-12-20
1657,13,91,15,33,2025-11-29
1658,18,70,112,53,2025-12-04
1659,5,34,13,13,2025-12-30
1660,20,18,29,12,2025-12-26
1661,10,117,84,28,2025-11-13
1662,5,27,68,36,2025-12-12
1663,15,140,77,41,2025-11-22
1664,19,64,50,33,2025-12-27
1665,2,117,22,17,2025-11-09
1666,12,39,34,30,2025-12-29
1667,12,117,107,67,2025-12-24
1668,13,85,60,70,2025-11-12
1669,18,128,125,69,2025-12-09
1670,7,16,26,24,2025-12-24
1671,10,132,62,56,2025-12-10
1672,23,72,75,57,2025-12-13
1673,8,133,99,38,2025-11-07
1674,5,27,37,21,2025-12-13
1675,25,113,81,47,2025-12-16
1676,12,94,29,32,2025-11-16
1677,2,8,72,34,2025-11-23
1678,6,61,36,40,2025-12-24
1679,8,89,72,52,2025-12-05
1680,16,104,59,54,2025-12-05
1681,5,39,205,64,2025-11-26
1682,3,88,25,17,2025-11-09
1683,7,72,12,10,2025-12-12
1684,7,135,128,58,2025-11-21
1685,3,37,114,29,2025-11-10
1686,13,90,37,21,2025-12-21
1687,1,77,29,17,2025-12-25
1688,23,2,140,58,2025-11-24
1689,14,99,84,42,2025-11-19
1690,11,81,7,13,2025-11-27
1691,10,36,18,27,2025-11-29
1692,15,82,33,48,2025-12-29
1693,23,60,125,43,2025-11-28
1694,9,117,151,70,2025-11-27
1695,10,100,81,64,2025-11-13
1696,9,24,153,66,2025-12-06
1697,18,70,41,36,2025-11-04
1698,1,111,78,54,2025-12-08
1699,21,130,42,48,2025-11-10
1700,10,42,27,11,2025-11-26
1701,9,78,22,10,2025-11-01
1702,13,81,63,34,2025-12-21
1703,22,12,114,59,2025-11-22
1704,21,75,184,56,2025-11-17
1705,21,16,199,63,2025-12-30
1706,24,139,55,41,2025-12-18
1707,2,19,54,40,2025-11-07
1708,22,81,4,64,2025-11-02
1709,5,102,104,41,2025-11-30
1710,20,74,83,49,2025-12-29
1711,18,64,202,64,2025-11-15
1712,10,55,35,30,2025-12-12
1713,5,11,35,24,2025-12-01
1714,2,3,70,22,2025-12-27
1715,11,115,90,30,2025-12-22
1716,9,25,18,15,2025-12-24
1717,2,90,164,62,2025-12-23
1718,8,29,7,15,2025-11-15
1719,25,30,47,38,2025-12-07
1720,23,23,6,60,2025-11-04
1721,10,120,121,68,2025-12-18
1722,24,25,21,10,2025-11-03
1723,12,8,199,54,2025-11-07
1724,17,92,14,16,2025-11-04
1725,22,105,33,20,2025-11-15
1726,9,81,135,70,2025-11-02
1727,22,108,99,44,2025-11-28
1728,4,81,75,45,2025-12-10
1729,11,54,119,66,2025-11-12
1730,12,48,94,55,2025-12-05
1731,3,30,37,40,2025-11-07
1732,12,21,81,33,2025-12-25
1733,1,127,129,58,2025-12-04
1734,22,118,31,26,2025-11-21
1735,25,53,9,25,2025-12-26
1736,17,51,13,33,2025-12-18
1737,6,38,23,19,2025-12-31
1738,20,83,16,19,2025-12-31
1739,15,58,24,30,2025-11-04
1740,14,22,101,41,2025-11-14
1741,9,12,40,26,2025-12-10
1742,22,70,14,13,2025-11-20
1743,11,95,36,29,2025-11-13
1744,21,34,57,43,2025-11-04
1745,23,117,26,10,2025-11-07
1746,2,43,109,47,2025-12-13
1747,2,79,105,68,2025-12-15
1748,6,129,76,49,2025-11-15
1749,14,54,78,38,2025-12-05
1750,23,90,58,45,2025-11-29
1751,7,134,26,19,2025-11-11
1752,10,75,139,49,2025-11-21
1753,8,25,154,68,2025-12-10
1754,13,101,80,50,2025-12-09
1755,5,128,43,28,2025-12-19
1756,2,43,178,66,2025-11-11
1757,16,71,41,65,2025-12-04
1758,5,112,138,33,2025-12-29
1759,18,107,81,53,2025-11-05
1760,17,117,102,25,2025-12-08
1761,23,66,91,64,2025-12-22
1762,3,54,50,70,2025-12-20
1763,3,128,32,25,2025-12-23
1764,15,122,24,50,2025-12-31
1765,12,63,248,62,2025-12-18
1766,14,36,81,68,2025-11-18
1767,18,123,96,60,2025-11-12
1768,9,72,52,35,2025-11-03
1769,19,17,25,66,2025-12-08
1770,9,140,54,53,2025-12-15
1771,10,49,92,45,2025-12-02
1772,11,57,75,42,2025-12-27
1773,3,103,68,21,2025-11-19
1774,12,55,40,30,2025-12-10
1775,10,42,27,11,2025-11-01
1776,13,114,76,56,2025-11-26
1777,18,107,49,28,2025-11-28
1778,20,113,37,43,2025-11-01
1779,12,33,17,19,2025-12-28
1780,2,109,37,40,2025-12-17
1781,19,85,33,37,2025-11-11
1782,7,2,48,30,2025-12-16
1783,3,27,52,30,2025-12-13
1784,20,64,58,29,2025-11-29
1785,22,72,48,25,2025-12-23
1786,19,38,70,36,2025-11-03
1787,5,79,50,36,2025-11-20
1788,15,121,40,35,2025-12-18
1789,16,80,64,61,2025-11-03
1790,15,112,65,45,2025-11-27
1791,11,58,0,68,2025-11-10
1792,4,23,39,50,2025-12-22
1793,15,60,119,60,2025-12-20
1794,15,126,70,33,2025-12-19
1795,19,93,94,54,2025-12-13
1796,11,137,66,32,2025-12-26
1797,5,70,100,63,2025-11-01
1798,1,41,110,59,2025-11-22
1799,19,123,16,13,2025-12-16
1800,4,22,139,68,2025-11-26
1801,14,29,19,28,2025-11-13
1802,14,116,179,67,2025-12-17
1803,11,37,70,47,2025-11-03
1804,14,66,91,70,2025-12-15
1805,18,57,29,33,2025-12-06
1806,10,80,160,58,2025-12-23
1807,11,114,116,45,2025-12-16
1808,5,137,29,15,2025-11-11
1809,2,17,68,33,2025-11-03
1810,23,30,27,18,2025-11-15
1811,17,71,52,36,2025-12-03
1812,21,74,105,64,2025-12-13
1813,21,59,48,22,2025-11-12
1814,25,24,131,58,2025-11-11
1815,17,104,34,24,2025-12-14
1816,1,94,107,60,2025-12-17
1817,8,61,38,15,2025-11-05
1818,11,134,98,58,2025-11-29
1819,10,106,123,36,2025-11-21
1820,7,2,9,10,2025-11-12
1821,2,125,33,15,2025-12-09
1822,17,50,127,65,2025-12-05
1823,14,23,40,15,2025-12-18
1824,13,56,41,21,2025-11-28
1825,2,138,99,53,2025-11-20
1826,19,22,33,21,2025-11-26
1827,22,10,96,58,2025-11-30
1828,22,45,124,64,2025-12-26
1829,23,61,61,53,2025-12-17
1830,6,43,130,59,2025-11-01
1831,17,101,55,28,2025-12-08
1832,14,107,43,24,2025-11-04
1833,2,133,148,48,2025-11-24
1834,11,78,84,63,2025-11-28
1835,7,23,46,60,2025-11-30
1836,3,40,86,60,2025-12-02
1837,15,103,91,40,2025-12-02
1838,24,66,49,39,2025-12-20
1839,6,61,35,54,2025-12-29
1840,10,101,115,48,2025-12-31
1841,25,33,94,62,2025-12-27
1842,18,33,32,16,2025-12-10
1843,14,104,13,18,2025-11-12
1844,9,82,14,32,2025-12-18
1845,13,85,39,33,2025-11-21
1846,17,131,42,20,2025-11-13
1847,22,56,41,34,2025-12-28
1848,16,57,59,18,2025-12-10
1849,19,27,71,32,2025-12-28
1850,7,7,94,50,2025-12-31
1851,16,11,102,47,2025-11-18
1852,2,44,67,51,2025-12-17
1853,13,23,36,15,2025-11-01
1854,18,87,122,49,2025-11-08
1855,9,29,36,19,2025-12-12
1856,13,33,35,39,2025-12-23
1857,9,57,60,48,2025-12-04
1858,4,124,105,54,2025-12-24
1859,5,10,147,60,2025-11-18
1860,22,113,51,51,2025-12-31
1861,7,56,48,47,2025-11-04
1862,4,47,63,36,2025-11-24
1863,12,39,81,44,2025-12-22
1864,22,23,26,22,2025-11-22
1865,1,23,70,67,2025-11-24
1866,22,61,52,50,2025-12-26
1867,13,88,53,51,2025-12-30
1868,16,41,19,14,2025-12-22
1869,1,20,141,54,2025-11-12
1870,17,75,121,47,2025-11-15
1871,14,78,189,56,2025-12-15
1872,18,71,88,60,2025-12-18
1873,21,28,41,67,2025-12-01
1874,8,86,17,16,2025-11-04
1875,13,2,41,28,2025-12-15
1876,15,35,143,59,2025-11-03
1877,22,126,171,52,2025-12-30
1878,19,102,51,44,2025-12-04
1879,17,45,150,50,2025-11-23
1880,3,27,64,38,2025-11-05
1881,4,13,105,45,2025-12-06
1882,16,79,5,69,2025-11-06
1883,24,132,19,24,2025-11-25
1884,15,18,78,69,2025-12-18
1885,1,115,21,11,2025-11-30
1886,5,13,46,64,2025-12-30
1887,14,115,66,20,2025-11-10
1888,13,31,195,60,2025-12-20
1889,14,23,81,45,2025-12-02
1890,23,83,17,15,2025-11-16
1891,18,9,18,12,2025-12-20
1892,22,108,81,28,2025-11-18
1893,21,119,31,51,2025-11-06
1894,11,11,22,21,2025-12-07
1895,15,71,57,43,2025-11-06
1896,3,65,68,32,2025-12-05
1897,19,94,28,43,2025-12-02
1898,9,118,46,35,2025-12-01
1899,13,17,58,21,2025-11-05
1900,16,63,129,49,2025-12-24
1901,13,108,14,12,2025-11-22
1902,19,73,93,70,2025-11-26
1903,19,4,37,35,2025-11-28
1904,20,27,68,35,2025-11-22
1905,19,44,144,59,2025-12-28
1906,4,3,159,63,2025-12-16
1907,2,135,55,29,2025-12-18
1908,17,3,70,45,2025-11-25
1909,19,118,57,45,2025-11-11
1910,10,9,26,15,2025-12-11
1911,3,18,140,70,2025-11-11
1912,14,74,94,47,2025-11-12
1913,11,111,101,67,2025-12-01
1914,17,88,59,47,2025-12-02
1915,14,104,20,14,2025-12-10
1916,5,101,53,60,2025-11-22
1917,20,45,44,22,2025-11-27
1918,23,106,32,15,2025-11-14
1919,19,3,30,19,2025-11-18
1920,2,50,25,11,2025-11-09
1921,11,25,17,14,2025-12-19
1922,23,100,18,23,2025-12-09
1923,15,118,13,11,2025-11-10
1924,16,134,124,42,2025-11-20
1925,24,106,29,13,2025-11-13
1926,25,44,15,11,2025-12-23
1927,13,68,85,34,2025-12-06
1928,3,74,8,54,2025-12-19
1929,11,2,66,65,2025-12-15
1930,18,78,81,36,2025-11-02
1931,8,103,35,37,2025-12-17
1932,18,60,138,58,2025-11-04
1933,23,109,81,66,2025-11-29
1934,1,13,81,27,2025-11-16
1935,25,18,17,12,2025-12-25
1936,14,133,157,67,2025-11-18
1937,10,128,11,11,2025-12-16
1938,3,52,11,14,2025-12-07
1939,10,5,161,50,2025-11-15
1940,20,89,31,19,2025-12-25
1941,3,137,70,27,2025-11-13
1942,21,95,33,20,2025-11-11
1943,8,54,39,19,2025-11-11
1944,25,128,24,26,2025-12-26
1945,13,20,64,40,2025-11-07
1946,12,93,62,52,2025-11-06
1947,17,54,123,60,2025-11-28
1948,11,71,108,56,2025-12-08
1949,18,57,163,53,2025-11-30
1950,7,56,44,44,2025-11-12
1951,16,18,70,46,2025-12-19
1952,6,25,45,27,2025-12-25
1953,23,130,35,28,2025-11-27
1954,23,128,73,55,2025-12-08
1955,13,111,67,33,2025-11-23
1956,12,87,38,48,2025-11-28
1957,3,139,98,64,2025-12-23
1958,22,74,104,47,2025-12-20
1959,24,93,44,22,2025-12-25
1960,12,112,172,55,2025-12-26
1961,16,109,121,65,2025-11-08
1962,18,7,31,12,2025-11-01
1963,4,63,41,19,2025-12-16
1964,13,120,28,15,2025-12-27
1965,13,117,49,27,2025-12-04
1966,21,40,48,24,2025-12-21
1967,6,20,188,63,2025-11-10
1968,11,40,53,24,2025-11-24
1969,8,111,0,22,2025-12-07
1970,23,112,29,14,2025-11-01
1971,15,78,150,55,2025-11-28
1972,10,55,24,25,2025-11-27
1973,11,4,79,34,2025-12-28
1974,7,135,44,32,2025-12-10
1975,11,100,69,44,2025-12-11
1976,2,32,92,46,2025-12-09
1977,9,8,203,64,2025-11-19
1978,9,10,26,40,2025-12-08
1979,7,48,0,16,2025-11-08
1980,23,72,48,23,2025-12-17
1981,7,139,49,66,2025-12-19
1982,1,93,18,11,2025-12-24
1983,20,91,55,29,2025-12-04
1984,23,5,83,38,2025-11-02
1985,2,107,10,36,2025-12-11
1986,4,2,161,56,2025-12-24
1987,7,67,48,46,2025-12-22
1988,22,37,118,51,2025-11-27
1989,19,50,94,70,2025-12-04
1990,10,82,31,49,2025-11-14
1991,10,80,44,40,2025-12-26
1992,8,60,40,24,2025-12-16
1993,6,103,23,18,2025-12-08
1994,11,75,10,39,2025-11-21
1995,25,14,113,68,2025-11-27
1996,15,112,126,62,2025-11-10
1997,5,84,69,37,2025-11-28
1998,2,106,39,29,2025-12-07
1999,21,102,167,57,2025-11-21
2000,6,29,78,66,2025-12-26
